陆家嘴,莘庄,2511
陆家嘴,外环路,2356
陆家嘴,莲花路,2186
陆家嘴,锦江乐园,1999
陆家嘴,上海南站,1776
陆家嘴,漕宝路,1612
陆家嘴,上海体育馆,1466
陆家嘴,徐家汇,1347
陆家嘴,衡山路,1166
陆家嘴,常熟路,1036
陆家嘴,陕西南路,942
陆家嘴,黄陂南路,756
陆家嘴,人民广场,323
陆家嘴,新闸路,712
陆家嘴,汉中路,831
陆家嘴,上海火车站,932
陆家嘴,中山北路,1076
陆家嘴,延长路,1225
陆家嘴,上海马戏城,1340
陆家嘴,汶水路,1475
陆家嘴,彭浦新村,1620
陆家嘴,共康路,1753
陆家嘴,通河新村,1907
陆家嘴,呼兰路,2027
陆家嘴,共富新村,2192
陆家嘴,宝安公路,2348
陆家嘴,友谊西路,2484
陆家嘴,富锦路,2618
陆家嘴,浦东国际机场,3537
陆家嘴,海天三路,1746
陆家嘴,远东大道,2792
陆家嘴,凌空路,2519
陆家嘴,川沙,2282
陆家嘴,华夏东路,2025
陆家嘴,创新中路,1820
陆家嘴,唐镇,1654
陆家嘴,广兰路,1382
陆家嘴,金科路,1180
陆家嘴,张江高科,1038
陆家嘴,龙阳路,795
陆家嘴,世纪公园,671
陆家嘴,上海科技馆,527
陆家嘴,世纪大道,315
陆家嘴,东昌路,
陆家嘴,陆家嘴,
陆家嘴,南京东路,192
陆家嘴,人民广场,323
陆家嘴,南京西路,462
陆家嘴,静安寺,629
陆家嘴,江苏路,771
陆家嘴,中山公园,904
陆家嘴,娄山关路,1080
陆家嘴,威宁路,1243
陆家嘴,北新泾,1371
陆家嘴,淞虹路,1508
陆家嘴,虹桥2号航站楼,1975
陆家嘴,虹桥火车站,2059
陆家嘴,徐泾东,2253
陆家嘴,江杨北路,3651
陆家嘴,铁力路,3468
陆家嘴,友谊路,3308
陆家嘴,宝杨路,3191
陆家嘴,水产路,3012
陆家嘴,淞滨路,2880
陆家嘴,张华浜,2724
陆家嘴,淞发路,2573
陆家嘴,长江南路,2399
陆家嘴,殷高西路,2245
陆家嘴,江湾镇,2109
陆家嘴,大柏树,1955
陆家嘴,赤峰路,1857
陆家嘴,虹口足球场,1100
陆家嘴,东宝兴路,1474
陆家嘴,宝山路,1383
陆家嘴,上海火车站,932
陆家嘴,中潭路,1737
陆家嘴,镇坪路,1292
陆家嘴,曹杨路,1558
陆家嘴,金沙江路,1447
陆家嘴,中山公园,904
陆家嘴,延安西路,1393
陆家嘴,虹桥路,1400
陆家嘴,宜山路,1670
陆家嘴,漕溪路,2028
陆家嘴,龙漕路,1857
陆家嘴,石龙路,2296
陆家嘴,上海南站,1776
陆家嘴,宜山路,1670
陆家嘴,虹桥路,1400
陆家嘴,延安西路,1393
陆家嘴,中山公园,904
陆家嘴,金沙江路,1447
陆家嘴,曹杨路,1558
陆家嘴,镇坪路,1292
陆家嘴,中潭路,1737
陆家嘴,上海火车站,932
陆家嘴,宝山路,1383
陆家嘴,海伦路,708
陆家嘴,临平路,1113
陆家嘴,大连路,968
陆家嘴,杨树浦路,869
陆家嘴,浦东大道,733
陆家嘴,世纪大道,315
陆家嘴,浦电路(4号线),688
陆家嘴,蓝村路,644
陆家嘴,塘桥,942
陆家嘴,南浦大桥,1147
陆家嘴,西藏南路,1021
陆家嘴,鲁班路,1421
陆家嘴,大木桥路,1382
陆家嘴,东安路,1329
陆家嘴,上海体育场,1802
陆家嘴,上海体育馆,1466
陆家嘴,闵行开发区,4238
陆家嘴,文井路,4118
陆家嘴,华宁路,3973
陆家嘴,金平路,3826
陆家嘴,东川路,3660
陆家嘴,莘庄,2511
陆家嘴,春申路,2698
陆家嘴,银都路,2827
陆家嘴,颛桥,3091
陆家嘴,北桥,3332
陆家嘴,剑川路,3542
陆家嘴,东川路,3660
陆家嘴,江川路,3816
陆家嘴,西渡,4022
陆家嘴,萧塘,4281
陆家嘴,奉浦大道,4529
陆家嘴,环城东路,4759
陆家嘴,望园路,4926
陆家嘴,金海湖,5065
陆家嘴,奉贤新城,5231
陆家嘴,东方体育中心,1722
陆家嘴,灵岩南路,1793
陆家嘴,上南路,1678
陆家嘴,华夏西路,1575
陆家嘴,高青路,1406
陆家嘴,东明路,1235
陆家嘴,高科西路,1084
陆家嘴,临沂新村,940
陆家嘴,上海儿童医学中心,777
陆家嘴,蓝村路,644
陆家嘴,浦电路(6号线),524
陆家嘴,世纪大道,315
陆家嘴,源深体育中心,516
陆家嘴,民生路,637
陆家嘴,北洋泾路,761
陆家嘴,德平路,929
陆家嘴,云山路,1064
陆家嘴,金桥路,1216
陆家嘴,博兴路,1338
陆家嘴,五莲路,1452
陆家嘴,巨峰路,1563
陆家嘴,东靖路,1683
陆家嘴,五洲大道,1818
陆家嘴,洲海路,1936
陆家嘴,外高桥保税区南,2143
陆家嘴,航津路,2343
陆家嘴,外高桥保税区北,2527
陆家嘴,港城路,2698
陆家嘴,花木路,1133
陆家嘴,龙阳路,795
陆家嘴,芳华路,1179
陆家嘴,锦绣路,1331
陆家嘴,杨高南路,1465
陆家嘴,高科西路,1084
陆家嘴,云台路,1259
陆家嘴,耀华路,1313
陆家嘴,长清路,1482
陆家嘴,后滩,1665
陆家嘴,龙华中路,1434
陆家嘴,东安路,1329
陆家嘴,肇嘉浜路,1203
陆家嘴,常熟路,1036
陆家嘴,静安寺,629
陆家嘴,昌平路,1053
陆家嘴,长寿路,1164
陆家嘴,镇坪路,1292
陆家嘴,岚皋路,1462
陆家嘴,新村路,1563
陆家嘴,大华三路,1683
陆家嘴,行知路,1817
陆家嘴,大场镇,1948
陆家嘴,场中路,2080
陆家嘴,上大路,2233
陆家嘴,南陈路,2380
陆家嘴,上海大学,2487
陆家嘴,祁华路,2653
陆家嘴,顾村公园,2892
陆家嘴,刘行,3091
陆家嘴,潘广路,3219
陆家嘴,罗南新村,3497
陆家嘴,美兰湖,3678
陆家嘴,沈杜公路,2792
陆家嘴,联航路,2659
陆家嘴,江月路,2533
陆家嘴,浦江镇,2394
陆家嘴,芦恒路,2149
陆家嘴,凌兆新村,1907
陆家嘴,东方体育中心,1722
陆家嘴,杨思,1551
陆家嘴,成山路,1419
陆家嘴,耀华路,1313
陆家嘴,中华艺术宫,1221
陆家嘴,西藏南路,1021
陆家嘴,陆家浜路,893
陆家嘴,老西门,659
陆家嘴,大世界,666
陆家嘴,人民广场,323
陆家嘴,曲阜路,693
陆家嘴,中兴路,826
陆家嘴,西藏北路,951
陆家嘴,虹口足球场,1100
陆家嘴,曲阳路,1259
陆家嘴,四平路,965
陆家嘴,鞍山新村,1120
陆家嘴,江浦路,1224
陆家嘴,黄兴路,1352
陆家嘴,延吉中路,1520
陆家嘴,黄兴公园,1618
陆家嘴,翔殷路,1734
陆家嘴,嫩江路,1845
陆家嘴,市光路,1941
陆家嘴,曹路,2315
陆家嘴,民雷路,2166
陆家嘴,顾唐路,2041
陆家嘴,金海路,1882
陆家嘴,金吉路,1776
陆家嘴,金桥,1611
陆家嘴,台儿庄路,1433
陆家嘴,蓝天路,1195
陆家嘴,芳甸路,976
陆家嘴,杨高中路,848
陆家嘴,世纪大道,315
陆家嘴,商城路,587
陆家嘴,小南门,973
陆家嘴,陆家浜路,893
陆家嘴,马当路,1227
陆家嘴,打浦桥,1339
陆家嘴,嘉善路,1256
陆家嘴,肇嘉浜路,1203
陆家嘴,徐家汇,1347
陆家嘴,宜山路,1670
陆家嘴,桂林路,2051
陆家嘴,漕河泾开发区,2238
陆家嘴,合川路,2383
陆家嘴,星中路,2573
陆家嘴,七宝,2748
陆家嘴,中春路,2895
陆家嘴,九亭,3125
陆家嘴,泗泾,3643
陆家嘴,佘山,3965
陆家嘴,洞泾,4158
陆家嘴,松江大学城,4420
陆家嘴,松江新城,4633
陆家嘴,松江体育中心,4771
陆家嘴,醉白池,4920
陆家嘴,松江南站,5080
陆家嘴,新江湾城,1733
陆家嘴,殷高东路,1647
陆家嘴,三门路,1540
陆家嘴,江湾体育场,1412
陆家嘴,五角场,1314
陆家嘴,国权路,1189
陆家嘴,同济大学,1080
陆家嘴,四平路,965
陆家嘴,邮电新村,842
陆家嘴,海伦路,708
陆家嘴,四川北路,595
陆家嘴,天潼路,478
陆家嘴,南京东路,192
陆家嘴,豫园,514
陆家嘴,老西门,659
陆家嘴,新天地,768
陆家嘴,陕西南路,942
陆家嘴,上海图书馆,1115
陆家嘴,交通大学,1247
陆家嘴,虹桥路,1400
陆家嘴,宋园路,1509
陆家嘴,伊犁路,1613
陆家嘴,水城路,1744
陆家嘴,龙溪路,1890
陆家嘴,龙柏新村,2114
陆家嘴,紫藤路,2240
陆家嘴,航中路,2365
陆家嘴,新江湾城,1733
陆家嘴,殷高东路,1647
陆家嘴,三门路,1540
陆家嘴,江湾体育场,1412
陆家嘴,五角场,1314
陆家嘴,国权路,1189
陆家嘴,同济大学,1080
陆家嘴,四平路,965
陆家嘴,邮电新村,842
陆家嘴,海伦路,708
陆家嘴,四川北路,595
陆家嘴,天潼路,478
陆家嘴,南京东路,192
陆家嘴,豫园,514
陆家嘴,老西门,659
陆家嘴,新天地,768
陆家嘴,陕西南路,942
陆家嘴,上海图书馆,1115
陆家嘴,交通大学,1247
陆家嘴,虹桥路,1400
陆家嘴,宋园路,1509
陆家嘴,伊犁路,1613
陆家嘴,水城路,1744
陆家嘴,龙溪路,1890
陆家嘴,上海动物园,2277
陆家嘴,虹桥1号航站楼,2447
陆家嘴,虹桥2号航站楼,1975
陆家嘴,虹桥火车站,2059
陆家嘴,嘉定北,4234
陆家嘴,嘉定西,4058
陆家嘴,白银路,3739
陆家嘴,嘉定新城,3562
陆家嘴,马陆,3319
陆家嘴,南翔,2866
陆家嘴,桃浦新村,2599
陆家嘴,武威路,2453
陆家嘴,祁连山路,2325
陆家嘴,李子园,2198
陆家嘴,上海西站,2063
陆家嘴,真如,1919
陆家嘴,枫桥路,1805
陆家嘴,曹杨路,1558
陆家嘴,隆德路,1595
陆家嘴,江苏路,771
陆家嘴,交通大学,1247
陆家嘴,徐家汇,1347
陆家嘴,上海游泳馆,1899
陆家嘴,龙华,1717
陆家嘴,云锦路,2138
陆家嘴,龙耀路,2224
陆家嘴,东方体育中心,1722
陆家嘴,三林,2435
陆家嘴,三林东,2580
陆家嘴,浦三路,2602
陆家嘴,御桥,2355
陆家嘴,罗山路,1612
陆家嘴,秀沿路,2304
陆家嘴,康新公路,2490
陆家嘴,迪士尼,2847
陆家嘴,迪士尼,2847
陆家嘴,康新公路,2490
陆家嘴,秀沿路,2304
陆家嘴,罗山路,1612
陆家嘴,御桥,2355
陆家嘴,浦三路,2602
陆家嘴,三林东,2580
陆家嘴,三林,2435
陆家嘴,东方体育中心,1722
陆家嘴,龙耀路,2224
陆家嘴,云锦路,2138
陆家嘴,龙华,1717
陆家嘴,上海游泳馆,1899
陆家嘴,徐家汇,1347
陆家嘴,交通大学,1247
陆家嘴,江苏路,771
陆家嘴,隆德路,1595
陆家嘴,曹杨路,1558
陆家嘴,枫桥路,1805
陆家嘴,真如,1919
陆家嘴,上海西站,2063
陆家嘴,李子园,2198
陆家嘴,祁连山路,2325
陆家嘴,武威路,2453
陆家嘴,桃浦新村,2599
陆家嘴,南翔,2866
陆家嘴,马陆,3319
陆家嘴,嘉定新城,3562
陆家嘴,上海赛车场,3818
陆家嘴,昌吉东路,4220
陆家嘴,上海汽车城,4420
陆家嘴,安亭,4577
陆家嘴,兆丰路,4550
陆家嘴,光明路,4798
陆家嘴,花桥,4909
陆家嘴,七莘路,3069
陆家嘴,虹莘路,2862
陆家嘴,顾戴路,2718
陆家嘴,东兰路,2519
陆家嘴,虹梅路,2407
陆家嘴,虹漕路,2248
陆家嘴,桂林公园,2124
陆家嘴,漕宝路,1612
陆家嘴,龙漕路,1857
陆家嘴,龙华,1717
陆家嘴,龙华中路,1434
陆家嘴,大木桥路,1382
陆家嘴,嘉善路,1256
陆家嘴,陕西南路,942
陆家嘴,南京西路,462
陆家嘴,汉中路,831
陆家嘴,曲阜路,693
陆家嘴,天潼路,478
陆家嘴,国际客运中心,914
陆家嘴,提篮桥,1039
陆家嘴,大连路,968
陆家嘴,江浦公园,1317
陆家嘴,宁国路,1447
陆家嘴,隆昌路,1623
陆家嘴,爱国路,1753
陆家嘴,复兴岛,1859
陆家嘴,东陆路,2033
陆家嘴,巨峰路,1563
陆家嘴,杨高北路,1983
陆家嘴,金京路,2110
陆家嘴,申江路,2230
陆家嘴,金海路,1882
陆家嘴,金运路,2813
陆家嘴,金沙江西路,2638
陆家嘴,丰庄,2452
陆家嘴,祁连山南路,2266
陆家嘴,真北路,2092
陆家嘴,大渡河路,1950
陆家嘴,金沙江路,1447
陆家嘴,隆德路,1595
陆家嘴,武宁路,1681
陆家嘴,长寿路,1164
陆家嘴,江宁路,1414
陆家嘴,汉中路,831
陆家嘴,自然博物馆,1250
陆家嘴,南京西路,462
陆家嘴,淮海中路,1152
陆家嘴,新天地,768
陆家嘴,马当路,1227
陆家嘴,世博会博物馆,1742
陆家嘴,世博大道,1906
陆家嘴,长清路,1482
陆家嘴,成山路,1419
陆家嘴,东明路,1235
陆家嘴,华鹏路,2092
陆家嘴,下南路,2224
陆家嘴,北蔡,2394
陆家嘴,陈春路,2127
陆家嘴,莲溪路,1952
陆家嘴,华夏中路,1382
陆家嘴,中科路,2449
陆家嘴,学林路,2617
陆家嘴,张江路,2816
陆家嘴,龙阳路,795
陆家嘴,华夏中路,1382
陆家嘴,罗山路,1612
陆家嘴,周浦东,1989
陆家嘴,鹤沙航城,2249
陆家嘴,航头东,2462
陆家嘴,新场,2737
陆家嘴,野生动物园,3070
陆家嘴,惠南,3470
陆家嘴,惠南东,3847
陆家嘴,书院,4596
陆家嘴,临港大道,5171
陆家嘴,滴水湖,5409
陆家嘴,虹桥火车站,2059
陆家嘴,诸光路,2264
陆家嘴,蟠龙路,2399
陆家嘴,徐盈路,2596
陆家嘴,徐泾北城,2706
陆家嘴,嘉松中路,2888
陆家嘴,赵巷,3088
陆家嘴,汇金路,3321
陆家嘴,青浦新城,3492
陆家嘴,漕盈路,3682
陆家嘴,淀山湖大道,3940
陆家嘴,朱家角,4333
陆家嘴,东方绿舟,4519
陆家嘴,浦东国际机场,3537
陆家嘴,龙阳路,795
陆家嘴,沈杜公路,2792
陆家嘴,三鲁公路,3184
陆家嘴,闵瑞路,3303
陆家嘴,浦航路,3396
陆家嘴,东城一路,3524
陆家嘴,汇臻路,3662
