漕河泾开发区,莘庄,2269
漕河泾开发区,外环路,2114
漕河泾开发区,莲花路,1944
漕河泾开发区,锦江乐园,1757
漕河泾开发区,上海南站,1534
漕河泾开发区,漕宝路,1370
漕河泾开发区,上海体育馆,1169
漕河泾开发区,徐家汇,722
漕河泾开发区,衡山路,1279
漕河泾开发区,常熟路,1148
漕河泾开发区,陕西南路,1376
漕河泾开发区,黄陂南路,1677
漕河泾开发区,人民广场,1769
漕河泾开发区,新闸路,1952
漕河泾开发区,汉中路,1703
漕河泾开发区,上海火车站,2172
漕河泾开发区,中山北路,2316
漕河泾开发区,延长路,2464
漕河泾开发区,上海马戏城,2579
漕河泾开发区,汶水路,2715
漕河泾开发区,彭浦新村,2859
漕河泾开发区,共康路,2992
漕河泾开发区,通河新村,3146
漕河泾开发区,呼兰路,3267
漕河泾开发区,共富新村,3431
漕河泾开发区,宝安公路,3587
漕河泾开发区,友谊西路,3724
漕河泾开发区,富锦路,3857
漕河泾开发区,浦东国际机场,5189
漕河泾开发区,海天三路,3398
漕河泾开发区,远东大道,4444
漕河泾开发区,凌空路,4172
漕河泾开发区,川沙,3934
漕河泾开发区,华夏东路,3677
漕河泾开发区,创新中路,3473
漕河泾开发区,唐镇,3306
漕河泾开发区,广兰路,3035
漕河泾开发区,金科路,2833
漕河泾开发区,张江高科,2691
漕河泾开发区,龙阳路,2447
漕河泾开发区,世纪公园,2324
漕河泾开发区,上海科技馆,2179
漕河泾开发区,世纪大道,1843
漕河泾开发区,东昌路,2133
漕河泾开发区,陆家嘴,2258
漕河泾开发区,南京东路,1920
漕河泾开发区,人民广场,1769
漕河泾开发区,南京西路,1539
漕河泾开发区,静安寺,1274
漕河泾开发区,江苏路,1670
漕河泾开发区,中山公园,1429
漕河泾开发区,娄山关路,1847
漕河泾开发区,威宁路,2010
漕河泾开发区,北新泾,2138
漕河泾开发区,淞虹路,2275
漕河泾开发区,虹桥2号航站楼,2605
漕河泾开发区,虹桥火车站,2690
漕河泾开发区,徐泾东,3021
漕河泾开发区,江杨北路,4668
漕河泾开发区,铁力路,4485
漕河泾开发区,友谊路,4324
漕河泾开发区,宝杨路,4208
漕河泾开发区,水产路,4029
漕河泾开发区,淞滨路,3897
漕河泾开发区,张华浜,3741
漕河泾开发区,淞发路,3590
漕河泾开发区,长江南路,3416
漕河泾开发区,殷高西路,3261
漕河泾开发区,江湾镇,3126
漕河泾开发区,大柏树,2971
漕河泾开发区,赤峰路,2874
漕河泾开发区,虹口足球场,2306
漕河泾开发区,东宝兴路,2630
漕河泾开发区,宝山路,2365
漕河泾开发区,上海火车站,2172
漕河泾开发区,中潭路,2004
漕河泾开发区,镇坪路,1667
漕河泾开发区,曹杨路,1698
漕河泾开发区,金沙江路,1586
漕河泾开发区,中山公园,1429
漕河泾开发区,延安西路,1324
漕河泾开发区,虹桥路,1185
漕河泾开发区,宜山路,549
漕河泾开发区,漕溪路,1346
漕河泾开发区,龙漕路,1466
漕河泾开发区,石龙路,1614
漕河泾开发区,上海南站,1534
漕河泾开发区,宜山路,549
漕河泾开发区,虹桥路,1185
漕河泾开发区,延安西路,1324
漕河泾开发区,中山公园,1429
漕河泾开发区,金沙江路,1586
漕河泾开发区,曹杨路,1698
漕河泾开发区,镇坪路,1667
漕河泾开发区,中潭路,2004
漕河泾开发区,上海火车站,2172
漕河泾开发区,宝山路,2365
漕河泾开发区,海伦路,2241
漕河泾开发区,临平路,2638
漕河泾开发区,大连路,2406
漕河泾开发区,杨树浦路,2416
漕河泾开发区,浦东大道,2280
漕河泾开发区,世纪大道,1843
漕河泾开发区,浦电路(4号线),2235
漕河泾开发区,蓝村路,2176
漕河泾开发区,塘桥,2105
漕河泾开发区,南浦大桥,1904
漕河泾开发区,西藏南路,1564
漕河泾开发区,鲁班路,1634
漕河泾开发区,大木桥路,1328
漕河泾开发区,东安路,1098
漕河泾开发区,上海体育场,1259
漕河泾开发区,上海体育馆,1169
漕河泾开发区,闵行开发区,3996
漕河泾开发区,文井路,3876
漕河泾开发区,华宁路,3731
漕河泾开发区,金平路,3584
漕河泾开发区,东川路,3418
漕河泾开发区,莘庄,2269
漕河泾开发区,春申路,2456
漕河泾开发区,银都路,2585
漕河泾开发区,颛桥,2849
漕河泾开发区,北桥,3090
漕河泾开发区,剑川路,3300
漕河泾开发区,东川路,3418
漕河泾开发区,江川路,3574
漕河泾开发区,西渡,3780
漕河泾开发区,萧塘,4039
漕河泾开发区,奉浦大道,4287
漕河泾开发区,环城东路,4517
漕河泾开发区,望园路,4684
漕河泾开发区,金海湖,4823
漕河泾开发区,奉贤新城,4989
漕河泾开发区,东方体育中心,2033
漕河泾开发区,灵岩南路,2336
漕河泾开发区,上南路,2451
漕河泾开发区,华夏西路,2480
漕河泾开发区,高青路,2311
漕河泾开发区,东明路,2140
漕河泾开发区,高科西路,1931
漕河泾开发区,临沂新村,2132
漕河泾开发区,上海儿童医学中心,2309
漕河泾开发区,蓝村路,2176
漕河泾开发区,浦电路(6号线),2056
漕河泾开发区,世纪大道,1843
漕河泾开发区,源深体育中心,2048
漕河泾开发区,民生路,2169
漕河泾开发区,北洋泾路,2293
漕河泾开发区,德平路,2461
漕河泾开发区,云山路,2596
漕河泾开发区,金桥路,2748
漕河泾开发区,博兴路,2870
漕河泾开发区,五莲路,2984
漕河泾开发区,巨峰路,3095
漕河泾开发区,东靖路,3215
漕河泾开发区,五洲大道,3350
漕河泾开发区,洲海路,3468
漕河泾开发区,外高桥保税区南,3675
漕河泾开发区,航津路,3875
漕河泾开发区,外高桥保税区北,4059
漕河泾开发区,港城路,4230
漕河泾开发区,花木路,2694
漕河泾开发区,龙阳路,2447
漕河泾开发区,芳华路,2373
漕河泾开发区,锦绣路,2219
漕河泾开发区,杨高南路,2083
漕河泾开发区,高科西路,1931
漕河泾开发区,云台路,1806
漕河泾开发区,耀华路,1703
漕河泾开发区,长清路,1581
漕河泾开发区,后滩,1434
漕河泾开发区,龙华中路,1203
漕河泾开发区,东安路,1098
漕河泾开发区,肇嘉浜路,870
漕河泾开发区,常熟路,1148
漕河泾开发区,静安寺,1274
漕河泾开发区,昌平路,1428
漕河泾开发区,长寿路,1539
漕河泾开发区,镇坪路,1667
漕河泾开发区,岚皋路,1837
漕河泾开发区,新村路,1938
漕河泾开发区,大华三路,2059
漕河泾开发区,行知路,2192
漕河泾开发区,大场镇,2323
漕河泾开发区,场中路,2455
漕河泾开发区,上大路,2609
漕河泾开发区,南陈路,2755
漕河泾开发区,上海大学,2862
漕河泾开发区,祁华路,3028
漕河泾开发区,顾村公园,3267
漕河泾开发区,刘行,3466
漕河泾开发区,潘广路,3594
漕河泾开发区,罗南新村,3872
漕河泾开发区,美兰湖,4053
漕河泾开发区,沈杜公路,3335
漕河泾开发区,联航路,3201
漕河泾开发区,江月路,3076
漕河泾开发区,浦江镇,2937
漕河泾开发区,芦恒路,2692
漕河泾开发区,凌兆新村,2450
漕河泾开发区,东方体育中心,2033
漕河泾开发区,杨思,2094
漕河泾开发区,成山路,1962
漕河泾开发区,耀华路,1703
漕河泾开发区,中华艺术宫,1764
漕河泾开发区,西藏南路,1564
漕河泾开发区,陆家浜路,1328
漕河泾开发区,老西门,1544
漕河泾开发区,大世界,1665
漕河泾开发区,人民广场,1769
漕河泾开发区,曲阜路,1842
漕河泾开发区,中兴路,2032
漕河泾开发区,西藏北路,2157
漕河泾开发区,虹口足球场,2306
漕河泾开发区,曲阳路,2465
漕河泾开发区,四平路,2579
漕河泾开发区,鞍山新村,2686
漕河泾开发区,江浦路,2791
漕河泾开发区,黄兴路,2918
漕河泾开发区,延吉中路,3086
漕河泾开发区,黄兴公园,3184
漕河泾开发区,翔殷路,3301
漕河泾开发区,嫩江路,3411
漕河泾开发区,市光路,3508
漕河泾开发区,曹路,3549
漕河泾开发区,民雷路,3400
漕河泾开发区,顾唐路,3275
漕河泾开发区,金海路,3116
漕河泾开发区,金吉路,3010
漕河泾开发区,金桥,2844
漕河泾开发区,台儿庄路,2667
漕河泾开发区,蓝天路,2429
漕河泾开发区,芳甸路,2210
漕河泾开发区,杨高中路,2082
漕河泾开发区,世纪大道,1843
漕河泾开发区,商城路,1715
漕河泾开发区,小南门,1476
漕河泾开发区,陆家浜路,1328
漕河泾开发区,马当路,1220
漕河泾开发区,打浦桥,1107
漕河泾开发区,嘉善路,995
漕河泾开发区,肇嘉浜路,870
漕河泾开发区,徐家汇,722
漕河泾开发区,宜山路,549
漕河泾开发区,桂林路,389
漕河泾开发区,漕河泾开发区,
漕河泾开发区,合川路,
漕河泾开发区,星中路,534
漕河泾开发区,七宝,709
漕河泾开发区,中春路,856
漕河泾开发区,九亭,1086
漕河泾开发区,泗泾,1604
漕河泾开发区,佘山,1926
漕河泾开发区,洞泾,2119
漕河泾开发区,松江大学城,2381
漕河泾开发区,松江新城,2594
漕河泾开发区,松江体育中心,2732
漕河泾开发区,醉白池,2881
漕河泾开发区,松江南站,3041
漕河泾开发区,新江湾城,3266
漕河泾开发区,殷高东路,3179
漕河泾开发区,三门路,3073
漕河泾开发区,江湾体育场,2999
漕河泾开发区,五角场,2847
漕河泾开发区,国权路,2722
漕河泾开发区,同济大学,2613
漕河泾开发区,四平路,2579
漕河泾开发区,邮电新村,2375
漕河泾开发区,海伦路,2241
漕河泾开发区,四川北路,2127
漕河泾开发区,天潼路,1968
漕河泾开发区,豫园,1796
漕河泾开发区,老西门,1544
漕河泾开发区,新天地,1561
漕河泾开发区,陕西南路,1376
漕河泾开发区,上海图书馆,1636
漕河泾开发区,交通大学,1420
漕河泾开发区,虹桥路,1185
漕河泾开发区,宋园路,1485
漕河泾开发区,伊犁路,1589
漕河泾开发区,水城路,1617
漕河泾开发区,龙溪路,2148
漕河泾开发区,龙柏新村,2470
漕河泾开发区,紫藤路,2498
漕河泾开发区,航中路,1847
漕河泾开发区,新江湾城,3266
漕河泾开发区,殷高东路,3179
漕河泾开发区,三门路,3073
漕河泾开发区,江湾体育场,2999
漕河泾开发区,五角场,2847
漕河泾开发区,国权路,2722
漕河泾开发区,同济大学,2613
漕河泾开发区,四平路,2579
漕河泾开发区,邮电新村,2375
漕河泾开发区,海伦路,2241
漕河泾开发区,四川北路,2127
漕河泾开发区,天潼路,1968
漕河泾开发区,南京东路,1920
漕河泾开发区,豫园,1796
漕河泾开发区,老西门,1544
漕河泾开发区,新天地,1561
漕河泾开发区,陕西南路,1376
漕河泾开发区,上海图书馆,1636
漕河泾开发区,交通大学,1420
漕河泾开发区,虹桥路,1185
漕河泾开发区,宋园路,1485
漕河泾开发区,伊犁路,1589
漕河泾开发区,水城路,1617
漕河泾开发区,龙溪路,2148
漕河泾开发区,上海动物园,2248
漕河泾开发区,虹桥1号航站楼,2418
漕河泾开发区,虹桥2号航站楼,2605
漕河泾开发区,虹桥火车站,2690
漕河泾开发区,嘉定北,4445
漕河泾开发区,嘉定西,4270
漕河泾开发区,白银路,3951
漕河泾开发区,嘉定新城,3774
漕河泾开发区,马陆,3531
漕河泾开发区,南翔,3078
漕河泾开发区,桃浦新村,2811
漕河泾开发区,武威路,2665
漕河泾开发区,祁连山路,2537
漕河泾开发区,李子园,2410
漕河泾开发区,上海西站,2275
漕河泾开发区,真如,2131
漕河泾开发区,枫桥路,2017
漕河泾开发区,曹杨路,1698
漕河泾开发区,隆德路,1807
漕河泾开发区,江苏路,1670
漕河泾开发区,交通大学,1420
漕河泾开发区,徐家汇,722
漕河泾开发区,上海游泳馆,1528
漕河泾开发区,龙华,1664
漕河泾开发区,云锦路,1767
漕河泾开发区,龙耀路,1853
漕河泾开发区,东方体育中心,2033
漕河泾开发区,三林,2305
漕河泾开发区,三林东,2422
漕河泾开发区,浦三路,2567
漕河泾开发区,御桥,2810
漕河泾开发区,罗山路,3012
漕河泾开发区,秀沿路,3167
漕河泾开发区,康新公路,3353
漕河泾开发区,迪士尼,3710
漕河泾开发区,迪士尼,3710
漕河泾开发区,康新公路,3353
漕河泾开发区,秀沿路,3167
漕河泾开发区,罗山路,3012
漕河泾开发区,御桥,2810
漕河泾开发区,浦三路,2567
漕河泾开发区,三林东,2422
漕河泾开发区,三林,2305
漕河泾开发区,东方体育中心,2033
漕河泾开发区,龙耀路,1853
漕河泾开发区,云锦路,1767
漕河泾开发区,龙华,1664
漕河泾开发区,上海游泳馆,1528
漕河泾开发区,徐家汇,722
漕河泾开发区,交通大学,1420
漕河泾开发区,江苏路,1670
漕河泾开发区,隆德路,1807
漕河泾开发区,曹杨路,1698
漕河泾开发区,枫桥路,2017
漕河泾开发区,真如,2131
漕河泾开发区,上海西站,2275
漕河泾开发区,李子园,2410
漕河泾开发区,祁连山路,2537
漕河泾开发区,武威路,2665
漕河泾开发区,桃浦新村,2811
漕河泾开发区,南翔,3078
漕河泾开发区,马陆,3531
漕河泾开发区,嘉定新城,3774
漕河泾开发区,上海赛车场,4030
漕河泾开发区,昌吉东路,4433
漕河泾开发区,上海汽车城,4633
漕河泾开发区,安亭,4789
漕河泾开发区,兆丰路,1329
漕河泾开发区,光明路,5017
漕河泾开发区,花桥,1329
漕河泾开发区,七莘路,2066
漕河泾开发区,虹莘路,1860
漕河泾开发区,顾戴路,1715
漕河泾开发区,东兰路,1516
漕河泾开发区,虹梅路,
漕河泾开发区,虹漕路,
漕河泾开发区,桂林公园,1355
漕河泾开发区,漕宝路,1370
漕河泾开发区,龙漕路,1466
漕河泾开发区,龙华,1664
漕河泾开发区,龙华中路,1203
漕河泾开发区,大木桥路,1328
漕河泾开发区,嘉善路,995
漕河泾开发区,陕西南路,1376
漕河泾开发区,南京西路,1539
漕河泾开发区,汉中路,1703
漕河泾开发区,曲阜路,1842
漕河泾开发区,天潼路,1968
漕河泾开发区,国际客运中心,2164
漕河泾开发区,提篮桥,2288
漕河泾开发区,大连路,2406
漕河泾开发区,江浦公园,2570
漕河泾开发区,宁国路,2700
漕河泾开发区,隆昌路,2875
漕河泾开发区,爱国路,3005
漕河泾开发区,复兴岛,3111
漕河泾开发区,东陆路,3285
漕河泾开发区,巨峰路,3095
漕河泾开发区,杨高北路,3546
漕河泾开发区,金京路,3673
漕河泾开发区,申江路,3653
漕河泾开发区,金海路,3116
漕河泾开发区,金运路,2934
漕河泾开发区,金沙江西路,2776
漕河泾开发区,丰庄,2573
漕河泾开发区,祁连山南路,2404
漕河泾开发区,真北路,2212
漕河泾开发区,大渡河路,2071
漕河泾开发区,金沙江路,1586
漕河泾开发区,隆德路,1807
漕河泾开发区,武宁路,1889
漕河泾开发区,长寿路,1539
漕河泾开发区,江宁路,2253
漕河泾开发区,汉中路,1703
漕河泾开发区,自然博物馆,1964
漕河泾开发区,南京西路,1539
漕河泾开发区,淮海中路,1712
漕河泾开发区,新天地,1561
漕河泾开发区,马当路,1220
漕河泾开发区,世博会博物馆,2098
漕河泾开发区,世博大道,2295
漕河泾开发区,长清路,1581
漕河泾开发区,成山路,1962
漕河泾开发区,东明路,2140
漕河泾开发区,华鹏路,2921
漕河泾开发区,下南路,3088
漕河泾开发区,北蔡,3224
漕河泾开发区,陈春路,3354
漕河泾开发区,莲溪路,3533
漕河泾开发区,华夏中路,3035
漕河泾开发区,中科路,3965
漕河泾开发区,学林路,4134
漕河泾开发区,张江路,4333
漕河泾开发区,龙阳路,2447
漕河泾开发区,华夏中路,3035
漕河泾开发区,罗山路,3012
漕河泾开发区,周浦东,3447
漕河泾开发区,鹤沙航城,3708
漕河泾开发区,航头东,3920
漕河泾开发区,新场,4195
漕河泾开发区,野生动物园,4529
漕河泾开发区,惠南,4928
漕河泾开发区,惠南东,5306
漕河泾开发区,书院,6054
漕河泾开发区,临港大道,6629
漕河泾开发区,滴水湖,6867
漕河泾开发区,虹桥火车站,2690
漕河泾开发区,诸光路,2896
漕河泾开发区,蟠龙路,3031
漕河泾开发区,徐盈路,3228
漕河泾开发区,徐泾北城,3338
漕河泾开发区,嘉松中路,3831
漕河泾开发区,赵巷,3720
漕河泾开发区,汇金路,3953
漕河泾开发区,青浦新城,5216
漕河泾开发区,漕盈路,4314
漕河泾开发区,淀山湖大道,4572
漕河泾开发区,朱家角,5475
漕河泾开发区,东方绿舟,5151
漕河泾开发区,浦东国际机场,5189
漕河泾开发区,龙阳路,2447
漕河泾开发区,沈杜公路,3335
漕河泾开发区,三鲁公路,3727
漕河泾开发区,闵瑞路,3846
漕河泾开发区,浦航路,3939
漕河泾开发区,东城一路,4067
漕河泾开发区,汇臻路,4205
