静安寺,莘庄,1929
静安寺,外环路,1774
静安寺,莲花路,1605
静安寺,锦江乐园,1418
静安寺,上海南站,1195
静安寺,漕宝路,1031
静安寺,上海体育馆,893
静安寺,徐家汇,766
静安寺,衡山路,585
静安寺,常熟路,180
静安寺,陕西南路,572
静安寺,黄陂南路,763
静安寺,人民广场,330
静安寺,新闸路,719
静安寺,汉中路,838
静安寺,上海火车站,939
静安寺,中山北路,1083
静安寺,延长路,1232
静安寺,上海马戏城,1347
静安寺,汶水路,1482
静安寺,彭浦新村,1627
静安寺,共康路,1760
静安寺,通河新村,1914
静安寺,呼兰路,2034
静安寺,共富新村,2199
静安寺,宝安公路,2355
静安寺,友谊西路,2491
静安寺,富锦路,2625
静安寺,浦东国际机场,4156
静安寺,海天三路,2366
静安寺,远东大道,3411
静安寺,凌空路,3139
静安寺,川沙,2902
静安寺,华夏东路,2644
静安寺,创新中路,2440
静安寺,唐镇,2274
静安寺,广兰路,2002
静安寺,金科路,1800
静安寺,张江高科,1658
静安寺,龙阳路,1415
静安寺,世纪公园,1291
静安寺,上海科技馆,1147
静安寺,世纪大道,935
静安寺,东昌路,793
静安寺,陆家嘴,639
静安寺,南京东路,464
静安寺,人民广场,330
静安寺,南京西路,189
静安寺,江苏路,180
静安寺,中山公园,295
静安寺,娄山关路,470
静安寺,威宁路,633
静安寺,北新泾,762
静安寺,淞虹路,898
静安寺,虹桥2号航站楼,1365
静安寺,虹桥火车站,1449
静安寺,徐泾东,1644
静安寺,江杨北路,3673
静安寺,铁力路,3490
静安寺,友谊路,3330
静安寺,宝杨路,3213
静安寺,水产路,3035
静安寺,淞滨路,2902
静安寺,张华浜,2746
静安寺,淞发路,2595
静安寺,长江南路,2421
静安寺,殷高西路,2267
静安寺,江湾镇,2131
静安寺,大柏树,1977
静安寺,赤峰路,1880
静安寺,虹口足球场,1107
静安寺,东宝兴路,1635
静安寺,宝山路,1350
静安寺,上海火车站,939
静安寺,中潭路,989
静安寺,镇坪路,413
静安寺,曹杨路,949
静安寺,金沙江路,838
静安寺,中山公园,295
静安寺,延安西路,784
静安寺,虹桥路,921
静安寺,宜山路,937
静安寺,漕溪路,1419
静安寺,龙漕路,1040
静安寺,石龙路,1687
静安寺,上海南站,1195
静安寺,宜山路,937
静安寺,虹桥路,921
静安寺,延安西路,784
静安寺,中山公园,295
静安寺,金沙江路,838
静安寺,曹杨路,949
静安寺,镇坪路,413
静安寺,中潭路,989
静安寺,上海火车站,939
静安寺,宝山路,1350
静安寺,海伦路,980
静安寺,临平路,1380
静安寺,大连路,1588
静安寺,杨树浦路,1489
静安寺,浦东大道,1353
静安寺,世纪大道,935
静安寺,浦电路(4号线),1308
静安寺,蓝村路,1264
静安寺,塘桥,1378
静安寺,南浦大桥,1176
静安寺,西藏南路,1041
静安寺,鲁班路,907
静安寺,大木桥路,771
静安寺,东安路,450
静安寺,上海体育场,801
静安寺,上海体育馆,893
静安寺,闵行开发区,3655
静安寺,文井路,3535
静安寺,华宁路,3390
静安寺,金平路,3243
静安寺,东川路,3077
静安寺,莘庄,1929
静安寺,春申路,2115
静安寺,银都路,2244
静安寺,颛桥,2508
静安寺,北桥,2749
静安寺,剑川路,2959
静安寺,东川路,3077
静安寺,江川路,3233
静安寺,西渡,3439
静安寺,萧塘,3698
静安寺,奉浦大道,3946
静安寺,环城东路,4176
静安寺,望园路,4343
静安寺,金海湖,4482
静安寺,奉贤新城,4648
静安寺,东方体育中心,1529
静安寺,灵岩南路,1808
静安寺,上南路,1934
静安寺,华夏西路,1832
静安寺,高青路,1663
静安寺,东明路,1492
静安寺,高科西路,1283
静安寺,临沂新村,1484
静安寺,上海儿童医学中心,1397
静安寺,蓝村路,1264
静安寺,浦电路(6号线),1144
静安寺,世纪大道,935
静安寺,源深体育中心,1136
静安寺,民生路,1257
静安寺,北洋泾路,1381
静安寺,德平路,1549
静安寺,云山路,1684
静安寺,金桥路,1836
静安寺,博兴路,1958
静安寺,五莲路,2072
静安寺,巨峰路,2183
静安寺,东靖路,2303
静安寺,五洲大道,2438
静安寺,洲海路,2556
静安寺,外高桥保税区南,2763
静安寺,航津路,2963
静安寺,外高桥保税区北,3147
静安寺,港城路,3318
静安寺,花木路,1753
静安寺,龙阳路,1415
静安寺,芳华路,1725
静安寺,锦绣路,1571
静安寺,杨高南路,1435
静安寺,高科西路,1283
静安寺,云台路,1158
静安寺,耀华路,1055
静安寺,长清路,933
静安寺,后滩,786
静安寺,龙华中路,555
静安寺,东安路,450
静安寺,肇嘉浜路,324
静安寺,昌平路,180
静安寺,长寿路,285
静安寺,镇坪路,413
静安寺,岚皋路,583
静安寺,新村路,684
静安寺,大华三路,804
静安寺,行知路,938
静安寺,大场镇,1069
静安寺,场中路,1201
静安寺,上大路,1354
静安寺,南陈路,1501
静安寺,上海大学,1608
静安寺,祁华路,1774
静安寺,顾村公园,2013
静安寺,刘行,2212
静安寺,潘广路,2340
静安寺,罗南新村,2618
静安寺,美兰湖,2799
静安寺,沈杜公路,2599
静安寺,联航路,2466
静安寺,江月路,2340
静安寺,浦江镇,2201
静安寺,芦恒路,1956
静安寺,凌兆新村,1714
静安寺,东方体育中心,1529
静安寺,杨思,1358
静安寺,成山路,1226
静安寺,耀华路,1055
静安寺,中华艺术宫,1190
静安寺,西藏南路,1041
静安寺,陆家浜路,900
静安寺,老西门,793
静安寺,大世界,673
静安寺,人民广场,330
静安寺,曲阜路,700
静安寺,中兴路,833
静安寺,西藏北路,958
静安寺,虹口足球场,1107
静安寺,曲阳路,1266
静安寺,四平路,1237
静安寺,鞍山新村,1487
静安寺,江浦路,1592
静安寺,黄兴路,1720
静安寺,延吉中路,1888
静安寺,黄兴公园,1986
静安寺,翔殷路,2102
静安寺,嫩江路,2212
静安寺,市光路,2309
静安寺,曹路,2935
静安寺,民雷路,2786
静安寺,顾唐路,2661
静安寺,金海路,2502
静安寺,金吉路,2396
静安寺,金桥,2231
静安寺,台儿庄路,2053
静安寺,蓝天路,1815
静安寺,芳甸路,1596
静安寺,杨高中路,1468
静安寺,世纪大道,935
静安寺,商城路,1207
静安寺,小南门,1226
静安寺,陆家浜路,900
静安寺,马当路,970
静安寺,打浦桥,857
静安寺,嘉善路,745
静安寺,肇嘉浜路,324
静安寺,徐家汇,766
静安寺,宜山路,937
静安寺,桂林路,1096
静安寺,漕河泾开发区,1283
静安寺,合川路,1427
静安寺,星中路,1618
静安寺,七宝,1792
静安寺,中春路,1940
静安寺,九亭,2170
静安寺,泗泾,2688
静安寺,佘山,3010
静安寺,洞泾,3202
静安寺,松江大学城,3465
静安寺,松江新城,3677
静安寺,松江体育中心,3816
静安寺,醉白池,3965
静安寺,松江南站,4125
静安寺,新江湾城,2005
静安寺,殷高东路,1919
静安寺,三门路,1812
静安寺,江湾体育场,1684
静安寺,五角场,1586
静安寺,国权路,1461
静安寺,同济大学,1352
静安寺,四平路,1237
静安寺,邮电新村,1114
静安寺,海伦路,980
静安寺,四川北路,867
静安寺,天潼路,750
静安寺,南京东路,464
静安寺,豫园,786
静安寺,老西门,793
静安寺,新天地,1040
静安寺,陕西南路,572
静安寺,上海图书馆,850
静安寺,交通大学,1032
静安寺,虹桥路,921
静安寺,宋园路,1222
静安寺,伊犁路,1326
静安寺,水城路,1435
静安寺,龙溪路,1603
静安寺,龙柏新村,1827
静安寺,紫藤路,1954
静安寺,航中路,2078
静安寺,新江湾城,2005
静安寺,殷高东路,1919
静安寺,三门路,1812
静安寺,江湾体育场,1684
静安寺,五角场,1586
静安寺,国权路,1461
静安寺,同济大学,1352
静安寺,四平路,1237
静安寺,邮电新村,1114
静安寺,海伦路,980
静安寺,四川北路,867
静安寺,天潼路,750
静安寺,南京东路,464
静安寺,豫园,786
静安寺,老西门,793
静安寺,新天地,1040
静安寺,陕西南路,572
静安寺,上海图书馆,850
静安寺,交通大学,1032
静安寺,虹桥路,921
静安寺,宋园路,1222
静安寺,伊犁路,1326
静安寺,水城路,1435
静安寺,龙溪路,1603
静安寺,上海动物园,1975
静安寺,虹桥1号航站楼,1808
静安寺,虹桥2号航站楼,1365
静安寺,虹桥火车站,1449
静安寺,嘉定北,3625
静安寺,嘉定西,3449
静安寺,白银路,3130
静安寺,嘉定新城,2953
静安寺,马陆,2710
静安寺,南翔,2257
静安寺,桃浦新村,1990
静安寺,武威路,1844
静安寺,祁连山路,1716
静安寺,李子园,1589
静安寺,上海西站,1454
静安寺,真如,1310
静安寺,枫桥路,1196
静安寺,曹杨路,949
静安寺,隆德路,758
静安寺,江苏路,
静安寺,交通大学,1032
静安寺,徐家汇,766
静安寺,上海游泳馆,1290
静安寺,龙华,900
静安寺,云锦路,1529
静安寺,龙耀路,1615
静安寺,东方体育中心,1529
静安寺,三林,2068
静安寺,三林东,2184
静安寺,浦三路,2330
静安寺,御桥,2572
静安寺,罗山路,2232
静安寺,秀沿路,2929
静安寺,康新公路,3115
静安寺,迪士尼,3473
静安寺,迪士尼,3473
静安寺,康新公路,3115
静安寺,秀沿路,2929
静安寺,罗山路,2232
静安寺,御桥,2572
静安寺,浦三路,2330
静安寺,三林东,2184
静安寺,三林,2068
静安寺,东方体育中心,1529
静安寺,龙耀路,1615
静安寺,云锦路,1529
静安寺,龙华,900
静安寺,上海游泳馆,1290
静安寺,徐家汇,766
静安寺,交通大学,1032
静安寺,江苏路,
静安寺,隆德路,758
静安寺,曹杨路,949
静安寺,枫桥路,1196
静安寺,真如,1310
静安寺,上海西站,1454
静安寺,李子园,1589
静安寺,祁连山路,1716
静安寺,武威路,1844
静安寺,桃浦新村,1990
静安寺,南翔,2257
静安寺,马陆,2710
静安寺,嘉定新城,2953
静安寺,上海赛车场,3209
静安寺,昌吉东路,3611
静安寺,上海汽车城,3811
静安寺,安亭,3968
静安寺,兆丰路,3941
静安寺,光明路,4189
静安寺,花桥,4300
静安寺,七莘路,2252
静安寺,虹莘路,2045
静安寺,顾戴路,1901
静安寺,东兰路,1702
静安寺,虹梅路,1590
静安寺,虹漕路,1431
静安寺,桂林公园,1307
静安寺,漕宝路,1031
静安寺,龙漕路,1040
静安寺,龙华,900
静安寺,龙华中路,555
静安寺,大木桥路,771
静安寺,嘉善路,745
静安寺,陕西南路,572
静安寺,南京西路,189
静安寺,汉中路,838
静安寺,曲阜路,700
静安寺,天潼路,750
静安寺,国际客运中心,1271
静安寺,提篮桥,1396
静安寺,大连路,1588
静安寺,江浦公园,1677
静安寺,宁国路,1807
静安寺,隆昌路,1983
静安寺,爱国路,2112
静安寺,复兴岛,2219
静安寺,东陆路,2393
静安寺,巨峰路,2183
静安寺,杨高北路,2654
静安寺,金京路,2780
静安寺,申江路,2900
静安寺,金海路,2502
静安寺,金运路,1934
静安寺,金沙江西路,1777
静安寺,丰庄,1573
静安寺,祁连山南路,1404
静安寺,真北路,1213
静安寺,大渡河路,1071
静安寺,金沙江路,838
静安寺,隆德路,758
静安寺,武宁路,635
静安寺,长寿路,285
静安寺,江宁路,1042
静安寺,汉中路,838
静安寺,自然博物馆,977
静安寺,南京西路,189
静安寺,淮海中路,847
静安寺,新天地,1040
静安寺,马当路,970
静安寺,世博会博物馆,1551
静安寺,世博大道,1368
静安寺,长清路,933
静安寺,成山路,1226
静安寺,东明路,1492
静安寺,华鹏路,2170
静安寺,下南路,2464
静安寺,北蔡,2472
静安寺,陈春路,2603
静安寺,莲溪路,2782
静安寺,华夏中路,2002
静安寺,中科路,3214
静安寺,学林路,3382
静安寺,张江路,3582
静安寺,龙阳路,1415
静安寺,华夏中路,2002
静安寺,罗山路,2232
静安寺,周浦东,2609
静安寺,鹤沙航城,2869
静安寺,航头东,3082
静安寺,新场,3357
静安寺,野生动物园,3690
静安寺,惠南,4090
静安寺,惠南东,4467
静安寺,书院,5216
静安寺,临港大道,5791
静安寺,滴水湖,6029
静安寺,虹桥火车站,1449
静安寺,诸光路,1654
静安寺,蟠龙路,1789
静安寺,徐盈路,1986
静安寺,徐泾北城,2096
静安寺,嘉松中路,2278
静安寺,赵巷,2478
静安寺,汇金路,2711
静安寺,青浦新城,2882
静安寺,漕盈路,3072
静安寺,淀山湖大道,3330
静安寺,朱家角,3723
静安寺,东方绿舟,3909
静安寺,浦东国际机场,4156
静安寺,龙阳路,1415
静安寺,沈杜公路,2599
静安寺,三鲁公路,2991
静安寺,闵瑞路,3110
静安寺,浦航路,3203
静安寺,东城一路,3331
静安寺,汇臻路,3469
