张江高科,莘庄,3513
张江高科,外环路,3358
张江高科,莲花路,3188
张江高科,锦江乐园,3001
张江高科,上海南站,2778
张江高科,漕宝路,2408
张江高科,上海体育馆,2310
张江高科,徐家汇,2137
张江高科,衡山路,2168
张江高科,常熟路,2038
张江高科,陕西南路,1918
张江高科,黄陂南路,1758
张江高科,人民广场,1325
张江高科,新闸路,1714
张江高科,汉中路,1833
张江高科,上海火车站,1934
张江高科,中山北路,2078
张江高科,延长路,2227
张江高科,上海马戏城,2342
张江高科,汶水路,2477
张江高科,彭浦新村,2622
张江高科,共康路,2755
张江高科,通河新村,2909
张江高科,呼兰路,3029
张江高科,共富新村,3194
张江高科,宝安公路,3350
张江高科,友谊西路,3486
张江高科,富锦路,3620
张江高科,浦东国际机场,2518
张江高科,海天三路,2292
张江高科,远东大道,1773
张江高科,凌空路,1501
张江高科,川沙,1263
张江高科,华夏东路,1006
张江高科,创新中路,802
张江高科,唐镇,635
张江高科,广兰路,364
张江高科,金科路,
张江高科,张江高科,
张江高科,龙阳路,258
张江高科,世纪公园,380
张江高科,上海科技馆,522
张江高科,世纪大道,731
张江高科,东昌路,870
张江高科,陆家嘴,1022
张江高科,南京东路,1194
张江高科,人民广场,1325
张江高科,南京西路,1464
张江高科,静安寺,1631
张江高科,江苏路,1773
张江高科,中山公园,1906
张江高科,娄山关路,2082
张江高科,威宁路,2245
张江高科,北新泾,2373
张江高科,淞虹路,2510
张江高科,虹桥2号航站楼,2977
张江高科,虹桥火车站,3061
张江高科,徐泾东,3255
张江高科,江杨北路,4305
张江高科,铁力路,4122
张江高科,友谊路,3961
张江高科,宝杨路,3845
张江高科,水产路,3666
张江高科,淞滨路,3534
张江高科,张华浜,3378
张江高科,淞发路,3227
张江高科,长江南路,3053
张江高科,殷高西路,2898
张江高科,江湾镇,2763
张江高科,大柏树,2608
张江高科,赤峰路,2511
张江高科,虹口足球场,2102
张江高科,东宝兴路,2267
张江高科,宝山路,1799
张江高科,上海火车站,1934
张江高科,中潭路,2153
张江高科,镇坪路,2305
张江高科,曹杨路,2453
张江高科,金沙江路,2449
张江高科,中山公园,1906
张江高科,延安西路,2395
张江高科,虹桥路,2402
张江高科,宜山路,2308
张江高科,漕溪路,3030
张江高科,龙漕路,2283
张江高科,石龙路,3298
张江高科,上海南站,2778
张江高科,宜山路,2308
张江高科,虹桥路,2402
张江高科,延安西路,2395
张江高科,中山公园,1906
张江高科,金沙江路,2449
张江高科,曹杨路,2453
张江高科,镇坪路,2305
张江高科,中潭路,2153
张江高科,上海火车站,1934
张江高科,宝山路,1799
张江高科,海伦路,1640
张江高科,临平路,1529
张江高科,大连路,1384
张江高科,杨树浦路,1285
张江高科,浦东大道,1149
张江高科,世纪大道,731
张江高科,浦电路(4号线),1104
张江高科,蓝村路,1060
张江高科,塘桥,1358
张江高科,南浦大桥,1563
张江高科,西藏南路,1701
张江高科,鲁班路,1837
张江高科,大木桥路,1976
张江高科,东安路,1901
张江高科,上海体育场,2218
张江高科,上海体育馆,2310
张江高科,闵行开发区,5240
张江高科,文井路,5120
张江高科,华宁路,4975
张江高科,金平路,4828
张江高科,东川路,4662
张江高科,莘庄,3513
张江高科,春申路,3700
张江高科,银都路,3829
张江高科,颛桥,4093
张江高科,北桥,4334
张江高科,剑川路,4544
张江高科,东川路,4662
张江高科,江川路,4818
张江高科,西渡,5024
张江高科,萧塘,5283
张江高科,奉浦大道,5531
张江高科,环城东路,5761
张江高科,望园路,5928
张江高科,金海湖,6067
张江高科,奉贤新城,6233
张江高科,东方体育中心,1778
张江高科,灵岩南路,1845
张江高科,上南路,1730
张江高科,华夏西路,1628
张江高科,高青路,1459
张江高科,东明路,1288
张江高科,高科西路,1078
张江高科,临沂新村,1356
张江高科,上海儿童医学中心,1193
张江高科,蓝村路,1060
张江高科,浦电路(6号线),940
张江高科,世纪大道,731
张江高科,源深体育中心,932
张江高科,民生路,1053
张江高科,北洋泾路,1177
张江高科,德平路,1345
张江高科,云山路,1480
张江高科,金桥路,1632
张江高科,博兴路,1754
张江高科,五莲路,1868
张江高科,巨峰路,1979
张江高科,东靖路,2099
张江高科,五洲大道,2234
张江高科,洲海路,2352
张江高科,外高桥保税区南,2559
张江高科,航津路,2759
张江高科,外高桥保税区北,2943
张江高科,港城路,3114
张江高科,花木路,596
张江高科,龙阳路,258
张江高科,芳华路,642
张江高科,锦绣路,794
张江高科,杨高南路,928
张江高科,高科西路,1078
张江高科,云台路,1202
张江高科,耀华路,1304
张江高科,长清路,1424
张江高科,后滩,1569
张江高科,龙华中路,1798
张江高科,东安路,1901
张江高科,肇嘉浜路,1991
张江高科,常熟路,2038
张江高科,静安寺,1631
张江高科,昌平路,2055
张江高科,长寿路,2166
张江高科,镇坪路,2305
张江高科,岚皋路,2464
张江高科,新村路,2565
张江高科,大华三路,2685
张江高科,行知路,2819
张江高科,大场镇,2950
张江高科,场中路,3082
张江高科,上大路,3235
张江高科,南陈路,3382
张江高科,上海大学,3489
张江高科,祁华路,3655
张江高科,顾村公园,3894
张江高科,刘行,4093
张江高科,潘广路,4221
张江高科,罗南新村,4499
张江高科,美兰湖,4680
张江高科,沈杜公路,2848
张江高科,联航路,2715
张江高科,江月路,2589
张江高科,浦江镇,2450
张江高科,芦恒路,2205
张江高科,凌兆新村,1963
张江高科,东方体育中心,1778
张江高科,杨思,1607
张江高科,成山路,1475
张江高科,耀华路,1304
张江高科,中华艺术宫,1440
张江高科,西藏南路,1701
张江高科,陆家浜路,1536
张江高科,老西门,1661
张江高科,大世界,1668
张江高科,人民广场,1325
张江高科,曲阜路,1695
张江高科,中兴路,1828
张江高科,西藏北路,1953
张江高科,虹口足球场,2102
张江高科,曲阳路,2261
张江高科,四平路,1967
张江高科,鞍山新村,2122
张江高科,江浦路,2226
张江高科,黄兴路,2354
张江高科,延吉中路,2522
张江高科,黄兴公园,2620
张江高科,翔殷路,2736
张江高科,嫩江路,2847
张江高科,市光路,2943
张江高科,曹路,2731
张江高科,民雷路,2582
张江高科,顾唐路,2457
张江高科,金海路,2298
张江高科,金吉路,2192
张江高科,金桥,2027
张江高科,台儿庄路,1849
张江高科,蓝天路,1611
张江高科,芳甸路,1392
张江高科,杨高中路,1264
张江高科,世纪大道,731
张江高科,商城路,1284
张江高科,小南门,1389
张江高科,陆家浜路,1536
张江高科,马当路,1643
张江高科,打浦桥,1755
张江高科,嘉善路,1866
张江高科,肇嘉浜路,1991
张江高科,徐家汇,2137
张江高科,宜山路,2308
张江高科,桂林路,2467
张江高科,漕河泾开发区,2654
张江高科,合川路,2799
张江高科,星中路,2989
张江高科,七宝,3164
张江高科,中春路,3311
张江高科,九亭,3541
张江高科,泗泾,4059
张江高科,佘山,4381
张江高科,洞泾,4574
张江高科,松江大学城,4836
张江高科,松江新城,5049
张江高科,松江体育中心,5187
张江高科,醉白池,5336
张江高科,松江南站,5496
张江高科,新江湾城,2735
张江高科,殷高东路,2649
张江高科,三门路,2542
张江高科,江湾体育场,2414
张江高科,五角场,2316
张江高科,国权路,2191
张江高科,同济大学,2082
张江高科,四平路,1967
张江高科,邮电新村,1844
张江高科,海伦路,1640
张江高科,四川北路,1597
张江高科,天潼路,1480
张江高科,南京东路,1194
张江高科,豫园,1516
张江高科,老西门,1661
张江高科,新天地,1770
张江高科,陕西南路,1918
张江高科,上海图书馆,2117
张江高科,交通大学,2249
张江高科,虹桥路,2402
张江高科,宋园路,2511
张江高科,伊犁路,2615
张江高科,水城路,2746
张江高科,龙溪路,2892
张江高科,龙柏新村,3116
张江高科,紫藤路,3242
张江高科,航中路,3367
张江高科,新江湾城,2735
张江高科,殷高东路,2649
张江高科,三门路,2542
张江高科,江湾体育场,2414
张江高科,五角场,2316
张江高科,国权路,2191
张江高科,同济大学,2082
张江高科,四平路,1967
张江高科,邮电新村,1844
张江高科,海伦路,1640
张江高科,四川北路,1597
张江高科,天潼路,1480
张江高科,南京东路,1194
张江高科,豫园,1516
张江高科,老西门,1661
张江高科,新天地,1770
张江高科,陕西南路,1918
张江高科,上海图书馆,2117
张江高科,交通大学,2249
张江高科,虹桥路,2402
张江高科,宋园路,2511
张江高科,伊犁路,2615
张江高科,水城路,2746
张江高科,龙溪路,2892
张江高科,上海动物园,3279
张江高科,虹桥1号航站楼,3449
张江高科,虹桥2号航站楼,2977
张江高科,虹桥火车站,3061
张江高科,嘉定北,5236
张江高科,嘉定西,5060
张江高科,白银路,4741
张江高科,嘉定新城,4564
张江高科,马陆,4321
张江高科,南翔,3868
张江高科,桃浦新村,3601
张江高科,武威路,3455
张江高科,祁连山路,3327
张江高科,李子园,3200
张江高科,上海西站,3065
张江高科,真如,2921
张江高科,枫桥路,2807
张江高科,曹杨路,2453
张江高科,隆德路,2597
张江高科,江苏路,1773
张江高科,交通大学,2249
张江高科,徐家汇,2137
张江高科,上海游泳馆,2901
张江高科,龙华,2143
张江高科,云锦路,2640
张江高科,龙耀路,2554
张江高科,东方体育中心,1778
张江高科,三林,2330
张江高科,三林东,2212
张江高科,浦三路,2065
张江高科,御桥,1818
张江高科,罗山路,1075
张江高科,秀沿路,1767
张江高科,康新公路,1953
张江高科,迪士尼,2310
张江高科,迪士尼,2310
张江高科,康新公路,1953
张江高科,秀沿路,1767
张江高科,罗山路,1075
张江高科,御桥,1818
张江高科,浦三路,2065
张江高科,三林东,2212
张江高科,三林,2330
张江高科,东方体育中心,1778
张江高科,龙耀路,2554
张江高科,云锦路,2640
张江高科,龙华,2143
张江高科,上海游泳馆,2901
张江高科,徐家汇,2137
张江高科,交通大学,2249
张江高科,江苏路,1773
张江高科,隆德路,2597
张江高科,曹杨路,2453
张江高科,枫桥路,2807
张江高科,真如,2921
张江高科,上海西站,3065
张江高科,李子园,3200
张江高科,祁连山路,3327
张江高科,武威路,3455
张江高科,桃浦新村,3601
张江高科,南翔,3868
张江高科,马陆,4321
张江高科,嘉定新城,4564
张江高科,上海赛车场,4820
张江高科,昌吉东路,5222
张江高科,上海汽车城,5422
张江高科,安亭,5579
张江高科,兆丰路,5552
张江高科,光明路,5800
张江高科,花桥,5911
张江高科,七莘路,3495
张江高科,虹莘路,3288
张江高科,顾戴路,3144
张江高科,东兰路,2945
张江高科,虹梅路,2833
张江高科,虹漕路,2674
张江高科,桂林公园,2550
张江高科,漕宝路,2408
张江高科,龙漕路,2283
张江高科,龙华,2143
张江高科,龙华中路,1798
张江高科,大木桥路,1976
张江高科,嘉善路,1866
张江高科,陕西南路,1918
张江高科,南京西路,1464
张江高科,汉中路,1833
张江高科,曲阜路,1695
张江高科,天潼路,1480
张江高科,国际客运中心,1812
张江高科,提篮桥,1687
张江高科,大连路,1384
张江高科,江浦公园,1733
张江高科,宁国路,1863
张江高科,隆昌路,2039
张江高科,爱国路,2169
张江高科,复兴岛,2275
张江高科,东陆路,2449
张江高科,巨峰路,1979
张江高科,杨高北路,2399
张江高科,金京路,2526
张江高科,申江路,2646
张江高科,金海路,2298
张江高科,金运路,3815
张江高科,金沙江西路,3658
张江高科,丰庄,3454
张江高科,祁连山南路,3285
张江高科,真北路,3094
张江高科,大渡河路,2935
张江高科,金沙江路,2449
张江高科,隆德路,2597
张江高科,武宁路,2516
张江高科,长寿路,2166
张江高科,江宁路,2274
张江高科,汉中路,1833
张江高科,自然博物馆,2252
张江高科,南京西路,1464
张江高科,淮海中路,2135
张江高科,新天地,1770
张江高科,马当路,1643
张江高科,世博会博物馆,2052
张江高科,世博大道,1859
张江高科,长清路,1424
张江高科,成山路,1475
张江高科,东明路,1288
张江高科,华鹏路,2014
张江高科,下南路,1687
张江高科,北蔡,1718
张江高科,陈春路,1590
张江高科,莲溪路,1415
张江高科,华夏中路,845
张江高科,中科路,1798
张江高科,学林路,2080
张江高科,张江路,1780
张江高科,龙阳路,258
张江高科,华夏中路,845
张江高科,罗山路,1075
张江高科,周浦东,1452
张江高科,鹤沙航城,1712
张江高科,航头东,1925
张江高科,新场,2200
张江高科,野生动物园,2533
张江高科,惠南,2933
张江高科,惠南东,3310
张江高科,书院,4059
张江高科,临港大道,4634
张江高科,滴水湖,4872
张江高科,虹桥火车站,3061
张江高科,诸光路,3266
张江高科,蟠龙路,3401
张江高科,徐盈路,3598
张江高科,徐泾北城,3708
张江高科,嘉松中路,3890
张江高科,赵巷,4090
张江高科,汇金路,4323
张江高科,青浦新城,4494
张江高科,漕盈路,4684
张江高科,淀山湖大道,4942
张江高科,朱家角,5335
张江高科,东方绿舟,5521
张江高科,浦东国际机场,2518
张江高科,龙阳路,258
张江高科,沈杜公路,2848
张江高科,三鲁公路,3241
张江高科,闵瑞路,3360
张江高科,浦航路,3453
张江高科,东城一路,3581
张江高科,汇臻路,3719
